Abeka,Greater Accra,Ghana,5.6,-0.24,
Abeka-Lapaz,Greater Accra,Ghana,5.597145,-0.2504436,
Abelemkpe,Greater Accra,Ghana,5.608275,-0.2252237,
Ablefu,Greater Accra,Ghana,5.8,-0.43,
Ablekuma,Greater Accra,Ghana,5.5548019,-0.2879468,
Ablemkpe,Greater Accra,Ghana,5.61,-0.22,
Aboansa,Greater Accra,Ghana,5.55,-0.55,
Aboansa Number 2,Greater Accra,Ghana,5.57,-0.57,
Abochiman,Greater Accra,Ghana,5.72,-0.35,
Abofu,Greater Accra,Ghana,5.62,-0.22,
Abokobi,Greater Accra,Ghana,5.73,-0.21,
Aboman,Greater Accra,Ghana,5.72,-0.2,
Abossey Okai,Greater Accra,Ghana,5.56,-0.24,
Accra,Greater Accra,Ghana,5.55,-0.2,
Accra Central,Greater Accra,Ghana,5.54,-0.21,
Accra New Town,Greater Accra,Ghana,5.58,-0.21,
Achiaman,Greater Accra,Ghana,5.7,-0.33,
Achimota,Greater Accra,Ghana,5.62,-0.23,
Achimota Forest,Greater Accra,Ghana,5.62,-0.22,
Achimota Village,Greater Accra,Ghana,5.62,-0.23,
Adabraka,Greater Accra,Ghana,5.56,-0.21,
Adaiso,Greater Accra,Ghana,5.8,-0.49,
Oddogonno,Greater Accra,Ghana,5.62,-0.07,
Adenta,Greater Accra,Ghana,5.7195028,-0.1951566,
Adiembra,Greater Accra,Ghana,5.68,-0.43,
Adjen Kotoku,Greater Accra,Ghana,5.7376943,-0.3740075,
Afiaman,Greater Accra,Ghana,5.7,-0.28,
Afianya,Greater Accra,Ghana,5.78,-0.08,
Afuaman,Greater Accra,Ghana,5.64,-0.36,
Agblesia,Greater Accra,Ghana,5.62,-0.05,
Agbogba,Greater Accra,Ghana,5.69,-0.2,
Agbogbloshie,Greater Accra,Ghana,5.55,-0.22,
Agboogba,Greater Accra,Ghana,5.69,-0.2,
Ahinkro,Greater Accra,Ghana,5.55,-0.53,
Ahireso,Greater Accra,Ghana,5.62,-0.52,
Ahunju,Greater Accra,Ghana,5.8,-0.32,
Aidan,Greater Accra,Ghana,5.75,-0.42,
Aikaidoboro,Greater Accra,Ghana,5.68,-0.35,
Airport City Accra,Greater Accra,Ghana,5.6007488,-0.1964667,
Airport,Greater Accra,Ghana,5.62,-0.14,
Airport Residential,Greater Accra,Ghana,5.61,-0.18,
Aiyim,Greater Accra,Ghana,5.78,-0.21,
Aiyimensa,Greater Accra,Ghana,5.78,-0.18,
Ajerkotuku,Greater Accra,Ghana,5.74,-0.36,
Ajimenti,Greater Accra,Ghana,5.8,-0.2,
Ajiringano,Greater Accra,Ghana,5.63,-0.13,
Akokome,Greater Accra,Ghana,5.72,-0.2,
Akomato,Greater Accra,Ghana,5.72,-0.58,
Akotoshi,Greater Accra,Ghana,5.75,-0.33,
Akotuaku,Greater Accra,Ghana,5.7,-0.48,
Akpoman,Greater Accra,Ghana,5.72,-0.21,
Akrabong Joma,Greater Accra,Ghana,5.62,-0.57,
Akramaman,Greater Accra,Ghana,5.7,-0.36,
Akraman,Greater Accra,Ghana,5.52,-0.54,
Akropong,Greater Accra,Ghana,5.65,-0.58,
Akubrefa,Greater Accra,Ghana,5.6,-0.53,
Akutase Medie,Greater Accra,Ghana,5.76,-0.32,
Akwaman,Greater Accra,Ghana,5.77,-0.53,
Akwechi,Greater Accra,Ghana,5.55,-0.58,
Akweiman,Greater Accra,Ghana,5.75,-0.49,
Akweteman,Greater Accra,Ghana,5.5,-0.33,
Akweteyman,Greater Accra,Ghana,5.61,-0.25,
Akwetsi,Greater Accra,Ghana,5.5,-0.53,
Alajo,Greater Accra,Ghana,5.6,-0.22,
Algoboshie,Greater Accra,Ghana,5.63,-0.25,
Amamorley,Greater Accra,Ghana,5.66,-0.3,
Amanfro,Greater Accra,Ghana,5.68,-0.3,
Amanfro,Greater Accra,Ghana,5.56,-0.38,
Amasaman,Greater Accra,Ghana,5.7,-0.3,
Amedua,Greater Accra,Ghana,5.59,-0.55,
Amontidom,Greater Accra,Ghana,5.68,-0.58,
Amrahia,Greater Accra,Ghana,5.77,-0.14,
Amuanda,Greater Accra,Ghana,5.52,-0.58,
Anafro,Greater Accra,Ghana,5.57,-0.45,
Ankwadoboro,Greater Accra,Ghana,5.78,-0.33,
Anoti,Greater Accra,Ghana,5.62,-0.43,
Anumle,Greater Accra,Ghana,5.64,-0.22,
Anyino,Greater Accra,Ghana,5.6,-0.43,
Apapa,Greater Accra,Ghana,5.56,-0.17,
Apenkwa,Greater Accra,Ghana,5.72,-0.15,
Apenkwa,Greater Accra,Ghana,5.61,-0.24,
Aplaku,Greater Accra,Ghana,5.53,-0.33,
Apolonia,Greater Accra,Ghana,5.8,-0.07,
Ashaaladza,Greater Accra,Ghana,5.66,-0.36,
Ashaiman,Greater Accra,Ghana,5.7,-0.03,
Ashaladza Botchway,Greater Accra,Ghana,5.68,-0.13,
Ashalaja,Greater Accra,Ghana,5.66,-0.36,
Ashale Anan,Greater Accra,Ghana,5.74,-0.49,
Ashalebotwe,Greater Accra,Ghana,5.68,-0.13,
Ashalianan,Greater Accra,Ghana,5.74,-0.49,
Ashieye,Greater Accra,Ghana,5.75,-0.15,
Ashonman,Greater Accra,Ghana,5.7,-0.21,
Asofa,Greater Accra,Ghana,5.65,-0.29,
Asuaba,Greater Accra,Ghana,5.75,-0.43,
Asuaba Number 2,Greater Accra,Ghana,5.77,-0.43,
Asuaba Number 3,Greater Accra,Ghana,5.75,-0.43,
Asylum Down,Greater Accra,Ghana,5.57,-0.21,
Awoshie,Greater Accra,Ghana,5.59,-0.28,
Awudome Estate,Greater Accra,Ghana,5.57,-0.23,
Ayaso,Greater Accra,Ghana,5.67,-0.29,
Ayi Mensa,Greater Accra,Ghana,5.7820,-0.1846248,
Ayido,Greater Accra,Ghana,5.63,-0.2,
Ayikai Doblo,Greater Accra,Ghana,5.68,-0.35,
Ayim,Greater Accra,Ghana,5.78,-0.21,
Babafa,Greater Accra,Ghana,5.62,-0.6,
Badija,Greater Accra,Ghana,5.6,-0.57,
Banana Inn,Greater Accra,Ghana,5.54,-0.25,
Bawaleshi,Greater Accra,Ghana,5.64,-0.17,
Bortianor,Greater Accra,Ghana,5.51,-0.34,
Botamfa,Greater Accra,Ghana,5.52,-0.53,
Botokura,Greater Accra,Ghana,5.77,-0.42,
Bowenum,Greater Accra,Ghana,5.64,-0.56,
Brayenda,Greater Accra,Ghana,5.68,-0.6,
Bruburam,Greater Accra,Ghana,5.52,-0.48,
Buade,Greater Accra,Ghana,5.62,-0.08,
Bubiashie,Greater Accra,Ghana,5.58,-0.25,
Buduatta,Greater Accra,Ghana,5.5,-0.58,
Buduburam,Greater Accra,Ghana,5.52,-0.48,
Bukom,Greater Accra,Ghana,5.7819901,-0.1846248,
Burma Camp,Greater Accra,Ghana,5.6,-0.15,
Cantonments,Greater Accra,Ghana,5.58,-0.18,
Chantan,Greater Accra,Ghana,5.62,-0.27,2400
Chokome,Greater Accra,Ghana,5.5,-0.33,
Chorkor,Greater Accra,Ghana,5.53,-0.24,
Christian Village,Greater Accra,Ghana,5.63,-0.22,
Christiansborg,Greater Accra,Ghana,5.55,-0.19,
Danfa,Greater Accra,Ghana,5.79,-0.16,
Dansoman,Greater Accra,Ghana,5.548145,-0.2644055,
Dansoman Estate,Greater Accra,Ghana,5.54,-0.26,
Darkuman,Greater Accra,Ghana,5.58,-0.26,
Dawhenya,Greater Accra,Ghana,5.7611753,-0.049064,
Doboro,Greater Accra,Ghana,5.8,-0.3,
Doborogonno,Greater Accra,Ghana,5.7,-0.36,
Dodowa,Greater Accra,Ghana,5.8868365,-0.1064306,
Dome,Greater Accra,Ghana,5.65,-0.24,
Dzorwulu,Greater Accra,Ghana,5.61,-0.2,
East Dzorwulu Residential Area,Greater Accra,Ghana,5.61,-0.19,
East-Legon,Greater Accra,Ghana,5.6364025,-0.1670703,
East-Legon Residential Area,Greater Accra,Ghana,5.63,-0.16,
East Ridge,Greater Accra,Ghana,5.56,-0.19,
Fise,Greater Accra,Ghana,5.68,-0.3,
Gbawe,Greater Accra,Ghana,5.58,-0.31,
Gbegbeyise,Greater Accra,Ghana,5.52,-0.27,
Giffard Camp,Greater Accra,Ghana,5.6,-0.15,
Greda Estates,Greater Accra,Ghana,5.62,-0.09,
Haatso,Greater Accra,Ghana,5.6756843,-0.2112885,
Industrial Area,Greater Accra,Ghana,5.64,-0.12,
Jamestown,Greater Accra,Ghana,5.53,-0.21,
Joma,Greater Accra,Ghana,5.62,-0.57,
Kanda Estate,Greater Accra,Ghana,5.58,-0.19,
Kaneshie,Greater Accra,Ghana,5.57,-0.24,
Kasoa,Greater Accra,Ghana,5.53,-0.42,
Katamanso,Greater Accra,Ghana,5.75,-0.08,
Kisseman,Greater Accra,Ghana,5.6381641,-0.2212326,
Kodzo Ashon,Greater Accra,Ghana,5.72,-0.4,
Kokomlemle,Greater Accra,Ghana,5.58,-0.21,
Kokrobite,Greater Accra,Ghana,5.5,-0.36,
Koleman,Greater Accra,Ghana,5.77,-0.31,
Korle Bu Hospital,Greater Accra,Ghana,5.54,-0.23,
Korle Dudor,Greater Accra,Ghana,5.54,-0.21,
Korle Gonno,Greater Accra,Ghana,5.53,-0.22,
Korle Lagoon Area,Greater Accra,Ghana,5.55,-0.23,
Kotobabi,Greater Accra,Ghana,5.59,-0.21,
Kpehe,Greater Accra,Ghana,5.59,-0.21,
Krokrobite,Greater Accra,Ghana,5.5,-0.36,
Kuntunse,Greater Accra,Ghana,5.7503133,-0.3123524,
Kwabenya,Greater Accra,Ghana,5.69,-0.25,
Kwashieman,Greater Accra,Ghana,5.6,-0.27,
La,Greater Accra,Ghana,5.57,-0.16,
La Bawalshie,Greater Accra,Ghana,5.64,-0.17,
Labadi,Greater Accra,Ghana,5.57,-0.16,
Labone,Greater Accra,Ghana,5.5665369,-0.1821596,
Lapaz,Greater Accra,Ghana,5.61,-0.25,
Lartebiokorshi,Greater Accra,Ghana,5.54,-0.24,
Lashibi,Greater Accra,Ghana,5.6847751,-0.04667,
Lateman,Greater Accra,Ghana,5.75,-0.15,
Lebanon,Greater Accra,Ghana,5.6959312,-0.0467018,
Legon,Greater Accra,Ghana,5.65,-0.18,
Maamobi,Greater Accra,Ghana,5.6,-0.2,
Madina,Greater Accra,Ghana,5.67,-0.16,
Maiyera,Greater Accra,Ghana,5.73,-0.28,
Makola,Greater Accra,Ghana,5.5478312,-0.2158962,
Mallam,Greater Accra,Ghana,5.5718343,-0.295393,
Mamobi,Greater Accra,Ghana,5.6,-0.2,
Mampehia,Greater Accra,Ghana,5.73,-0.49,
Mampoase,Greater Accra,Ghana,5.53,-0.27,
Mamprobi,Greater Accra,Ghana,5.54,-0.24,
Manhean,Greater Accra,Ghana,5.64,-0.35,
Manokwa,Greater Accra,Ghana,5.63,-0.6,
Mataheko,Greater Accra,Ghana,5.56,-0.25,
Mayera,Greater Accra,Ghana,5.73,-0.28,
Medina Estates,Greater Accra,Ghana,5.67,-0.16,
Mensakwa,Greater Accra,Ghana,5.55,-0.57,
Mepeasm,Greater Accra,Ghana,5.65,-0.16,
Meponi,Greater Accra,Ghana,5.8,-0.6,
Mfojoboating,Greater Accra,Ghana,5.78,-0.47,
Midie,Greater Accra,Ghana,5.76,-0.32,
Ministries,Greater Accra,Ghana,5.55,-0.2,
Minkumidie,Greater Accra,Ghana,5.8,-0.57,
Miotso,Greater Accra,Ghana,5.6676572,-0.2163901,
Mpehuasem,Greater Accra,Ghana,5.65,-0.16,
Mpehuasem,Greater Accra,Ghana,5.6,-0.22,
Mpehuasem,Greater Accra,Ghana,5.79,-0.29,
Mpekadam,Greater Accra,Ghana,5.8,-0.22,
Mpuase,Greater Accra,Ghana,5.53,-0.27,
Nankanso,Greater Accra,Ghana,5.77,-0.47,
Nankanso,Greater Accra,Ghana,5.75,-0.47,
Nchechireche,Greater Accra,Ghana,5.8,-0.58,
New Achimota,Greater Accra,Ghana,5.63,-0.26,
New Fadema,Greater Accra,Ghana,5.59,-0.25,
New Mamprobi,Greater Accra,Ghana,5.54,-0.25,
New Russia,Greater Accra,Ghana,5.55,-0.26,
Niayano,Greater Accra,Ghana,5.47,-0.41,
Niiboye Town,Greater Accra,Ghana,5.61,-0.26,
Nima,Greater Accra,Ghana,5.58,-0.2,
Ninyano,Greater Accra,Ghana,5.47,-0.41,
Nkotunsi,Greater Accra,Ghana,5.74,-0.32,
Nkwantanang,Greater Accra,Ghana,5.5,-0.49,
Nmai Dzorn,Greater Accra,Ghana,5.6772606,-0.1202411,
North Dzorwulu Residential Area,Greater Accra,Ghana,5.62,-0.19,
North Industrial Area,Greater Accra,Ghana,5.58,-0.22,
North Industrial Area, Accra,Greater Accra,Ghana,5.5839547,-0.2417491,
North Kaneshie,Greater Accra,Ghana,5.59,-0.24,
North Labone Estate,Greater Accra,Ghana,5.57,-0.18,
North Ordokor,Greater Accra,Ghana,5.58,-0.27,
North Ridge,Greater Accra,Ghana,5.57,-0.19,
Nsaki,Greater Accra,Ghana,5.79,-0.23,
Nsakina,Greater Accra,Ghana,5.66,-0.32,
Nsumia,Greater Accra,Ghana,5.79,-0.35,
Nsuobri,Greater Accra,Ghana,5.74,-0.5,
Nungua,Greater Accra,Ghana,5.6,-0.08,
Nungua Old Town,Greater Accra,Ghana,5.59,-0.08,
Nungua Salem,Greater Accra,Ghana,5.6,-0.07,
Nungwa,Greater Accra,Ghana,5.6,-0.08,
Nyanawase,Greater Accra,Ghana,5.79,-0.39,
Nyaniba Estates,Greater Accra,Ghana,5.56,-0.18,
Nyanyanu,Greater Accra,Ghana,5.47,-0.41,
Obakrowa,Greater Accra,Ghana,5.67,-0.4,
Obeye,Greater Accra,Ghana,5.75,-0.03,
Obeyie,Greater Accra,Ghana,5.68,-0.34,
Obiliakua,Greater Accra,Ghana,5.7,-0.52,
Oblogo,Greater Accra,Ghana,5.56,-0.31,
Oboasi,Greater Accra,Ghana,5.8,-0.53,
Obodakawa,Greater Accra,Ghana,5.69,-0.6,
Obokwashi,Greater Accra,Ghana,5.73,-0.42,
Obologo,Greater Accra,Ghana,5.56,-0.31,
Obome,Greater Accra,Ghana,5.8,-0.2,
Obotumfo,Greater Accra,Ghana,5.58,-0.58,
Obrakrawa,Greater Accra,Ghana,5.69,-0.6,
Obrakyere,Greater Accra,Ghana,5.66,-0.58,
Obuasi,Greater Accra,Ghana,5.73,-0.25,
Obutu,Greater Accra,Ghana,5.51,-0.51,
Ochirekumfo,Greater Accra,Ghana,5.78,-0.25,
Odawmo,Greater Accra,Ghana,5.53,-0.59,
Odenki,Greater Accra,Ghana,5.65,-0.47,
Odominadzi,Greater Accra,Ghana,5.48,-0.59,
Odomponiasi,Greater Accra,Ghana,5.77,-0.58,
Odorkor,Greater Accra,Ghana,5.5755947,-0.270588,
Odotum,Greater Accra,Ghana,5.6,-0.53,
Odumase,Greater Accra,Ghana,5.67,-0.31,
Odumase Number 1,Greater Accra,Ghana,5.76,-0.58,
Odumasi,Greater Accra,Ghana,5.76,-0.58,
Oduntia,Greater Accra,Ghana,5.72,-0.39,
Odupon,Greater Accra,Ghana,5.59,-0.45,
Oduponkpehe,Greater Accra,Ghana,5.53,-0.42,
Odwobi,Greater Accra,Ghana,5.48,-0.53,
Ofada,Greater Accra,Ghana,5.73,-0.54,
Ofagyato Nyamebedzi,Greater Accra,Ghana,5.65,-0.52,
Ofankor,Greater Accra,Ghana,5.66,-0.27,
Official Town,Greater Accra,Ghana,5.59,-0.26,
Ogbojo,Greater Accra,Ghana,5.67,-0.14,
Okponglo,Greater Accra,Ghana,5.64,-0.18,
Old Damsoman,Greater Accra,Ghana,5.53,-0.25,
Old Fadama,Greater Accra,Ghana,5.55,-0.22,
Old Ningo,Greater Accra,Ghana,5.7597699,-0.1757596,
Opeikuma,Greater Accra,Ghana,5.56,-0.48,
Osabo,Greater Accra,Ghana,5.55,-0.6,
Osu,Greater Accra,Ghana,5.56,-0.19,
Oyarifa,Greater Accra,Ghana,5.74,-0.18,
Oyinso,Greater Accra,Ghana,5.78,-0.32,
Pantang,Greater Accra,Ghana,5.73,-0.19,
Parakuo Estates,Greater Accra,Ghana,5.64,-0.23,
Pig Farm,Greater Accra,Ghana,5.6,-0.2,
Pobiman,Greater Accra,Ghana,5.73,-0.32,
Poukuase,Greater Accra,Ghana,5.69,-0.28,
Prampram,Greater Accra,Ghana,5.7184359,-0.106065,
Ringway Estate,Greater Accra,Ghana,5.57,-0.18,
Roman Bridge,Greater Accra,Ghana,5.6,-0.2,
Sabon Zongo,Greater Accra,Ghana,5.55,-0.24,
Sakaman,Greater Accra,Ghana,5.5754611,-0.2764842,
Sakumono,Greater Accra,Ghana,5.6243155,-0.0735789,
Sakumono Estates,Greater Accra,Ghana,5.62,-0.05,
Salam,Greater Accra,Ghana,5.8,-0.43,
Samsam,Greater Accra,Ghana,5.78,-0.3,
Samsamso,Greater Accra,Ghana,5.58,-0.57,
Santa Maria,Greater Accra,Ghana,5.6,-0.26,
Sapeman,Greater Accra,Ghana,5.73,-0.31,
Sege (town),Greater Accra,Ghana,5.879762,-0.3538371,
Shai Hills,Greater Accra,Ghana,5.8803967,0.0823827,
Shiashie,Greater Accra,Ghana,5.6299109,-0.1831951,
Shiayena,Greater Accra,Ghana,5.52,-0.3,
Sodom and Gomorrah,Greater Accra,Ghana,5.55,-0.22,
South Industrial Area,Greater Accra,Ghana,5.56,-0.22,
South La Estate,Greater Accra,Ghana,5.55,-0.16,
South Ordokor,Greater Accra,Ghana,5.57,-0.27,
Sowutuom,Greater Accra,Ghana,5.6227555,-0.2836349,
Spintex Road,Greater Accra,Ghana,5.64,-0.1,
Taifa,Greater Accra,Ghana,5.6535192,-0.2696526,
Tebu,Greater Accra,Ghana,5.63,-0.45,
Teiman,Greater Accra,Ghana,5.75,-0.18,
Tema,Greater Accra,Ghana,5.62,-0.02,
Tema Community 1,Greater Accra,Ghana,5.6431943,-0.012244,
Tema Community 4,Greater Accra,Ghana,5.6554262,-0.0121931,
Tema Community 5,Greater Accra,Ghana,5.6418392,-0.0269573,
Tema Manhean,Greater Accra,Ghana,5.6419449,-0.0532223,
Tenbibian,Greater Accra,Ghana,5.7,-0.46,
Tesa,Greater Accra,Ghana,5.63,-0.13,
Tesano,Greater Accra,Ghana,5.6,-0.23,
Teshi Old Town,Greater Accra,Ghana,5.58,-0.11,
Teshie,Greater Accra,Ghana,5.61,-0.1,
Teshie Manheam,Greater Accra,Ghana,5.61,-0.11,
Teshie Nungua Estates,Greater Accra,Ghana,5.6,-0.09,
Teshie-Nungua,Greater Accra,Ghana,5.595872,-0.102315,
Tetegbu,Greater Accra,Ghana,5.54,-0.31,
Trade Center,Greater Accra,Ghana,5.57,-0.15,
Tudu,Greater Accra,Ghana,5.55,-0.21,
Tunga,Greater Accra,Ghana,5.55,-0.27,
University of Ghana,Greater Accra,Ghana,5.66,-0.19,
Ussher Town,Greater Accra,Ghana,5.54,-0.21,
Victoriaborg,Greater Accra,Ghana,5.55,-0.2,
Weija,Greater Accra,Ghana,5.57,-0.33,
West Legon Residential,Greater Accra,Ghana,5.65,-0.21,
West Ridge,Greater Accra,Ghana,5.56,-0.2,
,,,,,,
,,,,,,
Name,What,Region,Country,Lat,Long,
Ablamuzadu,Volta,Ghana,6.13,-1.04,
Ablekpui,Volta,Ghana,6.14,-1.16,
Abor,Volta,Ghana,6.0604373,-0.8569337,
Abutia Kpota,Volta,Ghana,6.5560714,-0.4250551,
Abutia-Teti,Volta,Ghana,6.5357589,-0.3832709,
Adafienu,Volta,Ghana,6.08,-1.12,
Adafienu,Volta,Ghana,6.0976918,-1.1420845,
Adaklu,Volta,Ghana,6.4387111,-0.1976962,
Adaklu Waya,Volta,Ghana,6.4470107,-0.6235599,
Adedido,Volta,Ghana,6.16,1.14,
Adidokope,Volta,Ghana,6.12,1.01,
Adidome,Volta,Ghana,6.0713406,-0.4916808,
Adidotoe,Volta,Ghana,6.13,1.11,
Adina,Volta,Ghana,6.04,1.08,
Adinamonu,Volta,Ghana,6.05,1.05,
Adotokope,Volta,Ghana,6.14,1.06,
Aduta,Volta,Ghana,6.16,1.18,
Adzapakope,Volta,Ghana,6.15,1.1,
Adzinukorpe,Volta,Ghana,6.13,1.03,
Aflao,Volta,Ghana,6.1138885,-1.1975474,
Afloa,Volta,Ghana,6.12,1.19,
Afuta,Volta,Ghana,6.06,1.02,
Agavedzi,Volta,Ghana,6.01,1.05,
Agbadikorpe,Volta,Ghana,6.06,1.04,
Agbimenyihiakope,Volta,Ghana,6.06,1.06,
Agblakope,Volta,Ghana,6.09,1.02,
Agbosokope,Volta,Ghana,6.13,1.04,
Agbozume,Volta,Ghana,6.0728339,-1.0226238,
Aginukope,Volta,Ghana,6.13,1.03,
Agortime-Kpetoe,Volta,Ghana,6.550337,-0.6864738,
Agotorme,Volta,Ghana,6.06,1.03,
Ahamansu,Volta,Ghana,7.7299264,-0.5482006,
Ahiamadikope,Volta,Ghana,6.15,1.07,
Akame Kpota,Volta,Ghana,6.1,1.11,
Akanu,Volta,Ghana,6.25,1.02,
Akato,Volta,Ghana,6.16,1.09,
Akatsi,Volta,Ghana,6.1288419,-0.7890415,
Akome,Volta,Ghana,1.9841214,-11.6553952,
Akpafu,Volta,Ghana,7.243981,-0.4672837,
Akpafu-Todzi,Volta,Ghana,7.2553532,-0.4888059,
Akpatuema,Volta,Ghana,6.2,1.06,
Akporkploe,Volta,Ghana,6.16,1.17,
Akpotoenu New Town,Volta,Ghana,6.2,1.05,
Alakple,Volta,Ghana,5.8677129,-0.8836806,
Elavanyo,Volta,Ghana,5.7833542,-0.5579122,
Alogui,Volta,Ghana,6.24,1.01,
Alorgui,Volta,Ghana,6.24,1.01,
Alovi,Volta,Ghana,6.24,1.01,
Amadzikope,Volta,Ghana,6.14,1.06,
Amedzikorpe,Volta,Ghana,6.14,1.06,
Amedzofe,Volta,Ghana,6.8457124,-0.4288146,
Amefinu,Volta,Ghana,6.08,1.06,
Amuatekokope,Volta,Ghana,6.1,1.03,
Amutinu,Volta,Ghana,6.02,1.06,
Anfoega,Volta,Ghana,6.8858998,-0.2741002,
Anlo Afiadenyigba,Volta,Ghana,6.0325269,-0.982654,
Anloga,Volta,Ghana,5.7946492,-0.8056891,
Anviche,Volta,Ghana,6.27,1.02,
Anyako,Volta,Ghana,5.9949213,-0.9070908,
Anyanui,Volta,Ghana,5.7833542,-0.7245782,
Asogo,Volta,Ghana,6.16,1.06,
Asukawkaw,Volta,Ghana,7.6332966,-0.2986178,
Ataglokope,Volta,Ghana,6.1,1.17,
Atiavi,Volta,Ghana,6.033706,-0.8583498,
Atimpoko,Volta,Ghana,6.2061117,-0.0739432,
Atsivuta,Volta,Ghana,6.08,1.07,
Atsukope,Volta,Ghana,6.12,1.13,
Avakorme,Volta,Ghana,6.11,1.17,
Avata,Volta,Ghana,6.04,1,
Ave-Dakpa,Volta,Ghana,6.3625366,-0.8535432,
Avelagbe,Volta,Ghana,6.1,1.05,
Avema,Volta,Ghana,6.13,1.17,
Avesive,Volta,Ghana,6.16,1.11,
Aveyime-Battor,Volta,Ghana,6.0461715,-0.3869193,
Avloto,Volta,Ghana,6.06,1.02,
Avoeme,Volta,Ghana,6.11,1.17,
Avome,Volta,Ghana,6.11,1.17,
Awunu,Volta,Ghana,6.15,1.13,
Awutui,Volta,Ghana,6.06,1.02,
Azome,Volta,Ghana,6.15,1.16,
Baglo,Volta,Ghana,7.304074,-0.6335592,
Betsima,Volta,Ghana,6.16,1.12,
Brewaniase,Volta,Ghana,8.0037106,-0.5484151,
Dabala,Volta,Ghana,5.9830505,-0.6667971,
Dafor,Volta,Ghana,7.043393,-0.4200581,
Dambai,Volta,Ghana,8.0608437,-0.1638935,
Dame Asorgor,Volta,Ghana,6.16,1.06,
Darege,Volta,Ghana,6.16,1.13,
Datekope,Volta,Ghana,6.03,1.03,
Demekpo,Volta,Ghana,6.22,1,
Denu,Volta,Ghana,6.0976918,-1.1420845,
Djoje,Volta,Ghana,6.24,1,
Dodi Papase,Volta,Ghana,7.7271303,-0.5015087,
Dogbuikofe,Volta,Ghana,6.03,1.01,
Donomadi,Volta,Ghana,6.12,1.02,
Doyakorpe,Volta,Ghana,6.11,1.02,
Duta,Volta,Ghana,6.16,1.18,
Dzablikope,Volta,Ghana,6.11,1.11,
Dzagoto,Volta,Ghana,6.14,1,
Dzelukope,Volta,Ghana,5.890037,-0.9784557,
Dzodze,Volta,Ghana,6.24,1,
Dzodze,Volta,Ghana,6.2370205,-0.9789417,
Dzolokpuita,Volta,Ghana,6.7865541,-0.4379082,
Ehri,Volta,Ghana,6.15,1,
Elmina Chica,Volta,Ghana,6.04,1.08,
Fenyi Yokoe,Volta,Ghana,6.22,1.04,
Gamadzra,Volta,Ghana,6.13,1.15,
Gatsikope,Volta,Ghana,6.16,1.01,
Gbedjikofe,Volta,Ghana,6.1,1.08,
Gbefi,Volta,Ghana,6.9989513,-0.3717756,
Gbegbekope,Volta,Ghana,6.17,1,
Gblefedo,Volta,Ghana,6.13,1.13,
Gedekope,Volta,Ghana,6.14,1.06,
Glidza,Volta,Ghana,6.05,1.02,
Glimate,Volta,Ghana,6.11,1.02,
Golokope,Volta,Ghana,6.13,1.06,
Gyagoto,Volta,Ghana,6.14,1,
Haglakorpe,Volta,Ghana,6.11,1.12,
Hatsukope,Volta,Ghana,6.1225693,-1.1179877,
Hedzranawo,Volta,Ghana,6.08,1.13,
Hedzranawo,Volta,Ghana,6.0839222,-1.1242285,
Hesuworkope,Volta,Ghana,6.1,1,
Ho,Volta,Ghana,6.6065458,-0.4300436,
Hohoe,Volta,Ghana,6.6,0.47,
Hohoe,Volta,Ghana,7.1496292,-0.4598806,
Home Klikor,Volta,Ghana,6.12,1.05,
Huive,Volta,Ghana,6.12,1.01,
Jasikan,Volta,Ghana,7.4094088,-7.04430149,
Juapong,Volta,Ghana,6.2834137,-0.1681048,
Kabutukope,Volta,Ghana,6.12,1.07,
Kadjebi,Volta,Ghana,7.5262979,-0.4670477,
Kadjeto-Asato,Volta,Ghana,7.5379609,-0.4605245,
Keta,Volta,Ghana,5.9038868,-0.9458962,
Kete Krachi,Volta,Ghana,7.7937833,-0.0641157,
Klefe,Volta,Ghana,6.6211057,-0.4417003,
Klikor,Volta,Ghana,6.0728339,-1.0226238,
Klikor-Agbozume,Volta,Ghana,6.08,1.03,
Kofega,Volta,Ghana,6.13,1.1,
Kofeyi,Volta,Ghana,6.14,1.11,
Kosikorpe,Volta,Ghana,6.08,1.09,
Kpalime Duga,Volta,Ghana,5.6963059,-0.1802895,
Kpandu,Volta,Ghana,6.9919435,-0.2806232,
Kpanu,Volta,Ghana,6.15,1.15,
Kpassa,Volta,Ghana,8.4922575,-0.291116,
Kpedze,Volta,Ghana,6.8391694,-0.4857158,
Kpeme,Volta,Ghana,7.1203245,-0.3451282,
Kpetoe,Volta,Ghana,6.550337,-0.6864738,
Kpeve,Volta,Ghana,6.6834262,-0.3237533,
Kpogedi,Volta,Ghana,6.11,1.11,
Kpoglo,Volta,Ghana,6.17,1.07,
Kpordorve,Volta,Ghana,6.03,1,
Kpotsikope,Volta,Ghana,6.11,1,
Kuli,Volta,Ghana,6.21,1,
Kumadekofe,Volta,Ghana,6.05,1.04,
Lakluivikope,Volta,Ghana,6.11,1.12,
Larga,Volta,Ghana,6.15,1.08,
Leklebi,Volta,Ghana,6.9580326,-0.491037,
Likpe-Mate,Volta,Ghana,7.1821505,-0.6026172,
Lolobi,Volta,Ghana,7.2105921,-0.5239964,
Lotakor,Volta,Ghana,6.11,1.05,
Mafi-Kumasi,Volta,Ghana,6.2724507,-0.5694973,
Matekpokofe,Volta,Ghana,6.1,1.03,
Mepe,Volta,Ghana,6.074979,-0.4257632,
Milegbakope,Volta,Ghana,6.05,1.03,
Musakope,Volta,Ghana,6.13,1.18,
Nkonya,Volta,Ghana,5.9176318,-1.942327,
Nkonya Ahenkro,Volta,Ghana,5.9176318,-1.942327,
Nogokpo,Volta,Ghana,6.09,1.07,
Nyame Agbogbome,Volta,Ghana,6.15,1.11,
Okaladzi,Volta,Ghana,6.08,1.12,
Peki,Volta,Ghana,6.5006643,-0.1959887,
Penyi,Volta,Ghana,6.22,1.04,
Podoe,Volta,Ghana,6.29709,-0.1867704,
Porura,Volta,Ghana,6.12,1.19,
Salakope,Volta,Ghana,6.01,1.05,
Seva,Volta,Ghana,5.9836518,-0.9360551,
Shia,Volta,Ghana,6.1860344,-0.3972985,
Sikor,Volta,Ghana,6.04,1.04,
Sodzisikope,Volta,Ghana,6.11,1.18,
Sogakope,Volta,Ghana,5.9991516,-0.5809662,
Sohume,Volta,Ghana,6.04,1.02,
Sokpoe,Volta,Ghana,5.989106,-0.5714875,
Sonuto,Volta,Ghana,6.04,1.04,
Srohume,Volta,Ghana,6.04,1.02,
Tadzewu,Volta,Ghana,6.1916485,-0.8874464,
Tadzle,Volta,Ghana,6.18,1.02,
Tanyigbe,Volta,Ghana,6.6726164,-0.4725411,
Tapa Abotoase,Volta,Ghana,7.4671612,-0.3472495,
Tarnekofe,Volta,Ghana,6.26,1.02,
Tasikome,Volta,Ghana,6.03,1.03,
Taviefe,Volta,Ghana,6.6410725,-0.4571975,
Tegbi,Volta,Ghana,5.8579468,-0.960531,
Tetekofe,Volta,Ghana,6.07,1.11,
Teteman,Volta,Ghana,7.3055359,-0.5013225,
Togodo,Volta,Ghana,6.1,1.11,
Toko,Volta,Ghana,6.11,1.13,
Tokor,Volta,Ghana,6.1164782,-1.1274934,
Tokpa,Volta,Ghana,6.25,1,
Tongor Kaira,Volta,Ghana,6.6058662,-0.2195548,
Tonu,Volta,Ghana,6.26,1.02,
Tsavanya,Volta,Ghana,6.03,1,
Tsito,Volta,Ghana,6.6060425,-0.1538908,
Tsubrukoe,Volta,Ghana,6.13,1.1,
Tublukorpe,Volta,Ghana,6.13,1.1,
Vakpo,Volta,Ghana,6.8551053,-0.2800441,
Vane, Avatime,Volta,Ghana,6.8221786,-0.4199695,
Ve Golokwati,Volta,Ghana,6.9979184,-0.4352904,
Ve-Koloenu,Volta,Ghana,7.042905,-0.4243283,
Viepe,Volta,Ghana,6.1,1.15,
Vudaba,Volta,Ghana,6.16,1.09,
Vudome,Volta,Ghana,6.09,1.09,
Vume,Volta,Ghana,6.0075493,-0.5461406,
Wegbe Kpalime,Volta,Ghana,6.6509841,-0.3332903,
Weve,Volta,Ghana,6.12,1.01,
Wheta,Volta,Ghana,6.0817747,-0.9668183,
Woe,Volta,Ghana,5.8224158,-0.94079,
Worawora,Volta,Ghana,7.5158313,-0.3550814,
Wudoabra,Volta,Ghana,6.16,1.09,
Wutortsikope,Volta,Ghana,6.06,1.04,
Yama,Volta,Ghana,6.16,1.1,
Zagoto,Volta,Ghana,6.14,1,
Ziome,Volta,Ghana,6.15,1.16,
Zogbe,Volta,Ghana,6.14,1.16,
Zukpe,Volta,Ghana,6.19,1.07,
,,,,,,
,,,,,,
Name,What,Region,Country,Lat,Long,
Abesim,Brong Ahafo,Ghana,7.2900121,-2.2967741,
Acherensua,Brong Ahafo,Ghana,6.9786753,-2.3056269,
Amanten,Brong Ahafo,Ghana,7.5438051,-1.2117578,
Asutifi,Brong Ahafo,Ghana,6.9477486,-2.7675779,
ATEBUBU,Brong Ahafo,Ghana,7.7532401,-0.9924603,
BECHEM,Brong Ahafo,Ghana,7.0874137,-2.0367623,
BEREKUM,Brong Ahafo,Ghana,7.4529854,-2.5976875,
Biadan,Brong Ahafo,Ghana,7.4256872,-2.5964212,
Bomaa,Brong Ahafo,Ghana,7.0845817,-2.1764946,
Bono state,Brong Ahafo,Ghana,7.5837955,-2.5499205,
Buoyem,Brong Ahafo,Ghana,7.6667925,-1.9714312,
BUSUNYA,Brong Ahafo,Ghana,7.68312,-1.6541334,
Busunya,Brong Ahafo,Ghana,7.6883877,-1.6667033,
Chiraa,Brong Ahafo,Ghana,7.3963655,-2.1932316,
Domeabra,Brong Ahafo,Ghana,5.588493,-0.4043275,
DORMA-AHENKRO,Brong Ahafo,Ghana,7.2725243,-2.8868725,
Dormaa,Brong Ahafo,Ghana,7.2725243,-2.8868725,
DROBO,Brong Ahafo,Ghana,7.5933237,-2.8247309,
Drobo,Brong Ahafo,Ghana,7.5933237,-2.824731,
DUAYAW-NKWANTA,Brong Ahafo,Ghana,7.1779661,-2.1154692,
Fiapre,Brong Ahafo,Ghana,7.3615779,-2.385104,
GOASO,Brong Ahafo,Ghana,6.8016499,-2.5267268,
Hwidiem,Brong Ahafo,Ghana,6.9348405,-2.364893,
Japekrom,Brong Ahafo,Ghana,7.5933237,-2.824731,
JEMA,Brong Ahafo,Ghana,7.8959567,-1.7870745,
Jinjini,Brong Ahafo,Ghana,7.4483471,-2.6689699,
KENYASI,Brong Ahafo,Ghana,6.9798884,-2.4077324,
KINTAMPO,Brong Ahafo,Ghana,8.0597385,-1.7423202,
Koase,Brong Ahafo,Ghana,7.6892595,-2.1149763,
KUKUOM,Brong Ahafo,Ghana,6.6924943,-2.4470759,
Kwadjokrom,Brong Ahafo,Ghana,7.7790404,-0.1773691,
KWAME DANSO,Brong Ahafo,Ghana,7.7318931,-0.6875039,
Kwasi Buokrom,Brong Ahafo,Ghana,6.7270282,-1.6150869,
New Drobo,Brong Ahafo,Ghana,7.6413815,-2.8245237,
NKORANZA,Brong Ahafo,Ghana,7.6240513,-1.7997509,
Nkrankwanta,Brong Ahafo,Ghana,7.0205041,-3.0541136,
NSAWKAW,Brong Ahafo,Ghana,7.8761564,-2.3239088,
Nsoatre,Brong Ahafo,Ghana,7.4149305,-2.5016107,
ODUMASE .,Brong Ahafo,Ghana,7.3710849,-2.3334899,
Offuman,Brong Ahafo,Ghana,7.7658263,-2.0113349,
SAMPA,Brong Ahafo,Ghana,7.9495653,-2.7036667,
Seikwa,Brong Ahafo,Ghana,7.7227926,-2.5255252,
Sene,Brong Ahafo,Ghana,7.7177627,-0.9210207,
Suma-Ahenkro,Brong Ahafo,Ghana,7.915009,-2.7247382,
Sunyani,Brong Ahafo,Ghana,7.3380332,-2.3487148,
Tain,Brong Ahafo,Ghana,8.1811411,-2.8649014,
TECHIMAN,Brong Ahafo,Ghana,7.5896856,-1.9512214,
Techimantia,Brong Ahafo,Ghana,7.1835443,-2.0442726,
Tuobodom,Brong Ahafo,Ghana,7.6380721,-1.9148398,
Wamanafo,Brong Ahafo,Ghana,7.2647561,-2.7266264,
WAMFIE,Brong Ahafo,Ghana,7.3042066,-2.7017532,
Wamfie,Brong Ahafo,Ghana,7.2949799,-2.718065,
Yamfo,Brong Ahafo,Ghana,7.2194157,-2.2469187,
YEJI,Brong Ahafo,Ghana,8.222788,-0.6697371,
,,,,,,
,,,,,,
Name,What,Region,Country,Lat,Long,
Abase,Western,Ghana,4.88,-2.06,
Abasi,Western,Ghana,4.88,-2.06,
Aboadze,Western,Ghana,5.6547165,-0.2879467,
Aboso,Western,Ghana,5.6547165,-0.2879467,
Achenim,Western,Ghana,4.76,-2.03,
Achim,Western,Ghana,4.88,-2.25,
Achim Dada,Western,Ghana,4.98,-2.06,
Adiawso,Western,Ghana,4.92,-2.02,
Adukrom,Western,Ghana,4.91,-2.23,
Adum Banso,Western,Ghana,5.6547165,-0.2879467,
Afrebo,Western,Ghana,4.92,-2.16,
Agona,Western,Ghana,4.87,-2.2,
Agona Nkwanta,Western,Ghana,5.6547165,-0.2879467,
Ahiem,Western,Ghana,4.96,-2.19,
Ahonozo,Western,Ghana,4.99,-2.54,
Ahuntizu,Western,Ghana,4.99,-2.54,
Airport Ridge, Takoradi,Western,Ghana,5.6547165,-0.2879467,
Aketechi,Western,Ghana,4.78,-2.11,
Akitekyi,Western,Ghana,4.78,-2.11,
Akutuabo,Western,Ghana,4.98,-2.27,
Akwidaa,Western,Ghana,5.6547165,-0.2879467,
Akwidaa Beebianeha,Western,Ghana,4.76,-2.02,
Akwo Babianiba,Western,Ghana,4.76,-2.02,
Akwoda Babianiha,Western,Ghana,4.76,-2.02,
Akyenmu,Western,Ghana,4.76,-2.03,
Akyinim,Western,Ghana,4.76,-2.03,
Alabokazo,Western,Ghana,5,-2.43,
Aloen,Western,Ghana,5,-2.62,
Alumkazo,Western,Ghana,4.99,-2.55,
Amanmewhe,Western,Ghana,4.89,-2.22,
Anagyi,Western,Ghana,4.9,-2.12,
Anaji,Western,Ghana,4.9,-2.12,
Anaji,Western,Ghana,5.6547165,-0.2879467,
Anasam,Western,Ghana,4.98,-2.09,
Anchenin,Western,Ghana,4.9,-2.2,
Anchenin,Western,Ghana,4.8,-2.15,
Aniben,Western,Ghana,5,-2.18,
Anibil,Western,Ghana,5,-2.18,
Animakrom,Western,Ghana,4.84,-2.08,
Anindini,Western,Ghana,4.85,-2.15,
Anochi,Western,Ghana,4.97,-2.52,
Anuku,Western,Ghana,4.96,-2.38,
Anwea,Western,Ghana,4.99,-2.33,
Anwian,Western,Ghana,4.82,-2.15,
Anwianwia,Western,Ghana,4.99,-2.33,
Anwiasu,Western,Ghana,4.95,-2.1,
Anwiun,Western,Ghana,4.82,-2.15,
Anyam,Western,Ghana,4.88,-2.07,
Aposika,Western,Ghana,4.86,-2.24,
Apowa,Western,Ghana,5.6547165,,-0.2879467,
Aro Bokaso,Western,Ghana,5,-2.43,
Arobaso,Western,Ghana,5,-2.43,
Asabie,Western,Ghana,4.99,-2.14,
Asaman,Western,Ghana,4.89,-2.24,
Asamko,Western,Ghana,4.92,-2.32,
Asangrun,Western,Ghana,4.96,-2.39,
Asanko,Western,Ghana,4.92,-2.32,
Asankragua,Western,Ghana,5.6547165,-0.2879467,
Asanta,Western,Ghana,4.91,-2.29,
Asemko,Western,Ghana,4.92,-2.32,
Aserim,Western,Ghana,4.9,-2.13,
Asiekrom,Western,Ghana,4.78,-2.03,
Aspei,Western,Ghana,4.84,-2.02,
Assenta,Western,Ghana,4.91,-2.29,
Asubey,Western,Ghana,4.81,-2.08,
Asuboi,Western,Ghana,4.81,-2.08,
Asuoti,Western,Ghana,4.97,-2.23,
Atababo,Western,Ghana,4.96,-2.29,
Ataraso,Western,Ghana,4.82,-2.08,
Atiakrom,Western,Ghana,4.95,-2.24,
Atinchin,Western,Ghana,4.75,-2.09,
Atinkyin,Western,Ghana,4.75,-2.09,
Atrakaso,Western,Ghana,4.94,-2.19,
Atterboe,Western,Ghana,4.98,-2.55,
Atuabo,Western,Ghana,4.98,-2.55,
Atuabo,Western,Ghana,5.6547165,-0.2879467,
Atuabo Ahonlezo,Western,Ghana,4.99,-2.54,
Auchiri,Western,Ghana,4.91,-2.19,
Ausakrom,Western,Ghana,4.86,-2.12,
Ausakrom,Western,Ghana,4.9,-2.23,
Awaso,Western,Ghana,6.2320716,-2.2941258,
Awukyere,Western,Ghana,4.91,-2.19,
Axim,Western,Ghana,4.87,-2.24,
Bakanta,Western,Ghana,4.95,-2.43,
Bakunchirako,Western,Ghana,4.91,-2.12,
Beach road,Western,Ghana,5.5077655,-0.3875686,
Behin,Western,Ghana,4.99,-2.59,
Bejei,Western,Ghana,4.84,-2.16,
Beku,Western,Ghana,4.97,-2.5,
Bentiniboa,Western,Ghana,4.97,-2.39,
Benyimadi,Western,Ghana,4.86,-2.24,
Beryimadi,Western,Ghana,4.86,-2.24,
Beyin,Western,Ghana,4.99,-2.59,
Beyin,Western,Ghana,4.9866671,-2.6024062,
Bibiani,Western,Ghana,6.4569353,,-2.3321273,
Bogoso,Western,Ghana,5.5730182,-2.0310117,
Bokro,Western,Ghana,4.94,-2.12,
Bomakpole,Western,Ghana,5,-2.33,
Bujei,Western,Ghana,4.84,-2.16,
Bunuso,Western,Ghana,4.97,-2.05,
Busua,Western,Ghana,4.8072436,-1.939577,
Butre,Western,Ghana,4.8232125,-1.9199385,
Daboase,Western,Ghana,5.1387859,-1.6646004,
Dadwin,Western,Ghana,4.9,-2.16,
Dajwin,Western,Ghana,4.9,-2.16,
Dentokrom,Western,Ghana,4.82,-2.2,
Dentukrom,Western,Ghana,4.82,-2.2,
Diabene,Western,Ghana,4.9688606,-1.7546797,
Dixcove,Western,Ghana,4.7981818,-1.9580068,
Domun,Western,Ghana,4.84,-2.21,
Domunli,Western,Ghana,4.84,-2.21,
Dubenokram,Western,Ghana,4.88,-2.13,
Dubenokrom,Western,Ghana,4.88,-2.13,
Duhenokrom,Western,Ghana,4.88,-2.13,
Dukurom,Western,Ghana,4.89,-2.12,
Effia,Western,Ghana,4.9284354,-1.7636429,
Effiakuma,Western,Ghana,4.9240956,-1.7645609,
Eikwe,Western,Ghana,4.96,-2.47,
Eikwe,Western,Ghana,4.9644141,-2.4757111,
Ejan,Western,Ghana,4.83,-2.2,
Ellembelle,Western,Ghana,5.0077833,-2.469916,
Elonyi,Western,Ghana,5,-2.62,
Elubo,Western,Ghana,5.2892546,-2.7860536,
Enchi,Western,Ghana,5.8193845,-2.8401806,
Enyaam,Western,Ghana,4.88,-2.07,
Esamang,Western,Ghana,4.89,-2.24,
Esamang,Western,Ghana,5,-2.08,
Esiama,Western,Ghana,4.94,-2.35,
Essaman,Western,Ghana,5,-2.08,
Essiama,Western,Ghana,4.94,-2.35,
Essikado,Western,Ghana,4.9456127,-1.717794,
Essipong,Western,Ghana,4.9769735,-1.685122,
Eyukweh,Western,Ghana,4.96,-2.47,
Fijai,Western,Ghana,4.9406346,-1.7572579,
Fort Bladenburg,Western,Ghana,4.79,-2.13,
Fupiri,Western,Ghana,4.83,-2.12,
Half Assini,Western,Ghana,5.0519585,-2.890563,
Huni Valley,Western,Ghana,5.4707557,-1.9344952,
Hyedua,Western,Ghana,4.94,-2.07,
Inchaban,Western,Ghana,4.9917383,-1.6894613,
Jabenkrom,Western,Ghana,4.9,-2.05,
Juaboso,Western,Ghana,6.3366308,-3.2056577,
Kaboku,Western,Ghana,4.98,-2.57,
Kamiaktom,Western,Ghana,4.97,-2.29,
Kangan,Western,Ghana,5,-2.65,
Kangane,Western,Ghana,5,-2.65,
Kasaw,Western,Ghana,4.89,-2.03,
Katakor,Western,Ghana,4.76,-2.04,
Katakro,Western,Ghana,4.76,-2.04,
Katakwo,Western,Ghana,4.76,-2.04,
Kengen,Western,Ghana,5,-2.65,
Ketan,Western,Ghana,4.95201,-1.7324281,
Kikam,Western,Ghana,4.93,-2.33,
Kikum,Western,Ghana,4.93,-2.33,
Kojokrom,Western,Ghana,6.2166882,-2.5920878,
Kokofri,Western,Ghana,4.98,-2.18,
Krisan,Western,Ghana,4.96,-2.46,
Krisin,Western,Ghana,4.96,-2.46,
Krissa,Western,Ghana,4.96,-2.46,
Kukuavile,Western,Ghana,4.98,-2.18,
Kumasi,Western,Ghana,4.86,-2.08,
Kumwensia,Western,Ghana,4.98,-2.36,
Kwawkrom,Western,Ghana,6.422186,-2.3053908,
Kwesimintsim,Western,Ghana,4.9136734,-1.7972947,
Manso,Western,Ghana,5.0868618,-1.8466902,
Mensakrom,Western,Ghana,4.99,-2.14,
Miamia,Western,Ghana,4.81,-2.17,
Miemia,Western,Ghana,4.81,-2.17,
Mpeinyasa,Western,Ghana,4.82,-2.08,
Mpintsin,Western,Ghana,4.9722863,-1.7172897,
Mutrakni,Western,Ghana,4.8,-2.16,
Nalochi,Western,Ghana,4.97,-2.52,
Nanwa,Western,Ghana,4.96,-2.24,
Natiem,Western,Ghana,4.89,-2.21,
Ndatiem,Western,Ghana,4.89,-2.21,
Nerehazo,Western,Ghana,4.99,-2.61,
Nerekaza,Western,Ghana,4.99,-2.61,
New Takoradi,Western,Ghana,4.907185,-1.74968,
Ngalechi,Western,Ghana,4.97,-2.5,
Ngalichi,Western,Ghana,4.97,-2.5,
Ngelekazo,Western,Ghana,4.99,-2.61,
Ngugro,Western,Ghana,5,-2.3,
Nkatakado,Western,Ghana,4.81,-2.11,
Nkokraba,Western,Ghana,4.97,-2.39,
Nkrofro,Western,Ghana,4.97,-2.32,
Nkroful,Western,Ghana,4.97,-2.32,
Nsama,Western,Ghana,4.76,-2.11,
Nsein,Western,Ghana,4.8665144,-2.2430767,
Ntakrom,Western,Ghana,4.83,-2,
Nuakonkram,Western,Ghana,4.99,-2.05,
Nuakonkrom,Western,Ghana,4.99,-2.05,
Nyamebekyere Number 1,Western,Ghana,4.95,-2.1,
Nyamibechire,Western,Ghana,4.95,-2.1,
Nyanso,Western,Ghana,4.99,-2.09,
Nyaye,Western,Ghana,4.91,-2.1,
Nyubasa,Western,Ghana,4.92,-2.1,
Nzulezo,Western,Ghana,5.0208209,-2.6001013,
Omanpe,Western,Ghana,5.6143841,-2.7437926,
Pampamso,Western,Ghana,4.84,-2.1,
Pampanasi,Western,Ghana,4.88,-2.11,
Prestea,Western,Ghana,5.4336525,-2.1496081,
Princes Town,Western,Ghana,4.79,-2.13,
Samreboi,Western,Ghana,5.6130173,-2.5700713,
Sanzule,Western,Ghana,4.96,-2.45,
Sefwi,Western,Ghana,4.77,-2.08,
Sefwi Akontombra,Western,Ghana,6.0428548,-2.8813362,
Sefwi-Bekwai,Western,Ghana,6.1959576,-2.3311187,
Sekondi Takoradi,Western,Ghana,4.94,-1.71,
Shama,Western,Ghana,5.0201261,-1.6291953,
Tanokrom,Western,Ghana,4.9113111,-1.7799998,
Tarkwa,Western,Ghana,5.3064326,-2.0062496,
Tikobo No. 1,Western,Ghana,5.0592255,-2.7155114,
Tikobo No. 2,Western,Ghana,5.0857076,-2.5368977,
Wassa-Akropong,Western,Ghana,5.7768504,-2.0966322,
Wiawso,Western,Ghana,6.2196567,-2.5005915,
Windy Ridge, Takoradi,Western,Ghana,4.9075912,-1.7661381,
,,,,,,
,,,,,,
Name,What,Region,Country,Lat,Long,
Abakrampaa,Central,Ghana,5.2480833,-1.2407508,
Abandze,Central,Ghana,5.1932806,-1.0969376,
Abrafo,Central,Ghana,5.3409804,-1.386981,
Abura-Dunkwaa,Central,Ghana,5.3407027,-1.1788631,
Adukrom,Central,Ghana,6.0147937,-0.0952293,
Afransi,Central,Ghana,5.5069386,-0.759902,
Agona Abirem,Central,Ghana,5.9328271,-1.120315,
Agona Swedru,Central,Ghana,5.5322261,-0.7159569,
Ajumako,Central,Ghana,5.4663666,-0.9426784,
Amissano,Central,Ghana,5.1401998,-1.3454396,
Ankaful,Central,Ghana,5.150851,-1.3334074,
Anomabu,Central,Ghana,5.1774135,-1.1316777,
Anyimon,Central,Ghana,5.2062412,-1.1744535,
Apam,Central,Ghana,5.2949805,-0.7533362,
Asamankese,Central,Ghana,5.8621519,-0.6840278,
Asankragua,Central,Ghana,5.8103018,-2.4446727,
Asebu,Central,Ghana,5.2062412,-1.1744535,
Asikuma,Central,Ghana,5.6410176,-1.1574829,
Assin Asempaneye,Central,Ghana,5.9849014,-0.5846421,
Assin Darmang,Central,Ghana,5.9849014,-0.5846421,
Assin Foso,Central,Ghana,5.6818379,-1.3094337,
Assin Kyekyewere,Central,Ghana,5.6691121,-1.833299,
Assin Manso,Central,Ghana,5.5227118,-1.1693144,
Assin Nsuta,Central,Ghana,5.6134766,-1.2264776,
Assin Nyankomaso,Central,Ghana,5.7556498,-1.2964297,
Assin Praso,Central,Ghana,5.9218524,-1.371317,
Asutsuare,Central,Ghana,6.0770694,0.1727528,
Asylum Down,Central,Ghana,5.5698104,-0.2103422,
Awutu Breku,Central,Ghana,5.6984623,-0.6153194,
Awutu Senya,Central,Ghana,5.5360606,-0.6481483,
Ayanfuri,Central,Ghana,5.9639715,-1.9008064,
Beposo,Central,Ghana,6.4552728,-1.316911,
Besease,Central,Ghana,5.5562858,-1.1998272,
Biriwa,Central,Ghana,5.164228,-1.1631776,
Breman Asikuma,Central,Ghana,5.6410176,-1.1574829,
Buduburam,Central,Ghana,5.5240358,-0.4863377,
Cape Coast,Central,Ghana,5.11,-1.24,
Dawurampon,Central,Ghana,5.4182988,-0.8584059,
Diaso,Central,Ghana,6.1540167,-2.1622896,
Dunkwa On-Ofin,Central,Ghana,5.9670762,-1.803303,
Effutu,Central,Ghana,5.5893193,-0.2701481,
Ekumfi,Central,Ghana,5.3050497,-0.8963192,
Elmina,Central,Ghana,5.0956243,-1.3589146,
Esakyir,Central,Ghana,5.3181094,-0.8980357,
Fosu,Central,Ghana,5.6818379,-1.3094337,
Gomoa Amoanda,Central,Ghana,5.5212969,-0.5790728,
Gomoa Mpota,Central,Ghana,5.4031356,-0.634115,
Hemang,Central,Ghana,5.5058099,-1.8327101,
Jukwa,Central,Ghana,5.2510614,-1.3835478,
Kasoa,Central,Ghana,5.5268022,-0.4718212,
Komenda,Central,Ghana,5.055186,-1.5011359,
Kwamankese,Central,Ghana,5.2542674,-1.3398302,
Kwanyako,Central,Ghana,5.5970539,-0.6533886,
Mankesim,Central,Ghana,5.2751953,-1.0360195,
Moree,Central,Ghana,5.1294893,-1.2076271,
Mozano,Central,Ghana,5.4699585,-0.8194773,
Mumford,Central,Ghana,5.2664137,-0.7659102,
Nsaba,Central,Ghana,5.6467479,-0.7677287,
Nyakrom,Central,Ghana,5.6326742,-0.8846355,
Nyankumase Ahenkro,Central,Ghana,5.3783278,-1.1473516,
Odoben,Central,Ghana,5.6332779,-0.8922818,
Otuam,Central,Ghana,5.2115621,-0.8188704,
Potsin,Central,Ghana,5.4598238,-0.6016057,
Saltpond,Central,Ghana,5.2013688,-1.0690858,
Senya,Central,Ghana,5.5360606,-0.6481483,
Senya Breku,Central,Ghana,5.3899031,-0.5040408,
Twifo hemang,Central,Ghana,5.5058099,-1.8327101,
Twifo Praso,Central,Ghana,5.6076142,-1.5598442,
Winneba,Central,Ghana,5.3663054,-0.6641372,
Yamoransa,Central,Ghana,5.1640998,-1.2091399,
,,,,,,
,,,,,,
Name,What,Region,Country,Lat,Long,
Abetifi,Eastern Region,Ghana,6.6727485,-0.762048,
Abiriw,Eastern Region,Ghana,5.9769999,-0.0985457,
Abomosu,Eastern Region,Ghana,6.30496,-0.7375028,
Aburi,Eastern Region,Ghana,5.8504545,-0.1911774,
Achiasi,Eastern Region,Ghana,6.9057755,-1.7365799,
Adeiso,Eastern Region,Ghana,5.7941629,-0.4970885,
Adiemmra,Eastern Region,Ghana,4.9367729,-1.7380285,
Adoagyiri,Eastern Region,Ghana,5.8152497,-0.3607714,
Agormanya,Eastern Region,Ghana,6.1460103,-0.0125782,
Akim,Eastern Region,Ghana,6.2128401,-1.3491057,
Akim Begoro,Eastern Region,Ghana,6.385098,-0.3931477,
Akim Oda,Eastern Region,Ghana,5.9281471,-1.0143908,
Akim Swedru,Eastern Region,Ghana,5.9281471,-1.0143908,
Akim Tafo,Eastern Region,Ghana,6.2162622,-0.3795348,
Akosombo,Eastern Region,Ghana,6.269037,-0.0380659,
Akropong,Eastern Region,Ghana,5.9069101,-0.3188229,
Akuapem-Akropong,Eastern Region,Ghana,5.9733507,-0.1074602,
Akuapim South,Eastern Region,Ghana,5.8392122,-0.3579055,
Akuapim-Mampong,Eastern Region,Ghana,5.8760107,-0.15863,
Akuse,Eastern Region,Ghana,6.1001324,-0.1178201,
Akwamufie,Eastern Region,Ghana,6.2795368,-0.070203,
Akwatia,Eastern Region,Ghana,5.8436694,-0.7960408,
Akyemansa,Eastern Region,Ghana,5.9298121,-0.9836351,
Amanokrom,Eastern Region,Ghana,5.9322257,-0.1323471,
Anum,Eastern Region,Ghana,6.4987131,-0.1379054,
Anum-Boso,Eastern Region,Ghana,6.4987978,-0.1379054,
Anyinam,Eastern Region,Ghana,6.3730922,-0.5575134,
Apedwa,Eastern Region,Ghana,6.1234861,-0.5086758,
Asafo-Akyem,Eastern Region,Ghana,7.943638,-5.5320228,
Asamankese,Eastern Region,Ghana,5.8621519,-0.6840278,
Asesewa,Eastern Region,Ghana,6.3972533,-0.1508475,
Asiakwa,Eastern Region,Ghana,6.2611879,-0.5124951,
Asuboe,Eastern Region,Ghana,5.9486161,-0.4170943,
Asuogyaman,Eastern Region,Ghana,6.045048,-0.626639,
Atibie,Eastern Region,Ghana,6.5799889,-0.7407833,
Atimpoku,Eastern Region,Ghana,6.2061117,-0.0739432,
Atiwa,Eastern Region,Ghana,6.2850116,-0.8193529,
Ayensuano,Eastern Region,Ghana,6.3134302,-0.5993447,
Begoro,Eastern Region,Ghana,6.385098,-0.3931477,
Berekuso,Eastern Region,Ghana,5.7565547,-0.2355475,
Boso,Eastern Region,Ghana,6.2839674,-0.5350685,
Coaltar,Eastern Region,Ghana,5.9786883,-0.6234884,
Dago,Eastern Region,Ghana,5.9800944,-1.0439375,
Dawu,Eastern Region,Ghana,22.3776596,-120.8305028,
Denkyembour,Eastern Region,Ghana,6.4590032,-1.0233677,
Densuano (Koforidua),Eastern Region,Ghana,6.0731054,-0.2901535,
Donkorkrom,Eastern Region,Ghana,7.0436744,-0.0912809,
Enyiresi,Eastern Region,Ghana,6.4330765,-0.5922318,
Fanteakwa,Eastern Region,Ghana,6.4263225,-0.6376035,
Jejeti,Eastern Region,Ghana,6.4738436,-0.6568193,
Kade,Eastern Region,Ghana,6.0967738,-0.853801,
Kibi,Eastern Region,Ghana,6.1206382,-0.5955493,
Koforidua,Eastern Region,Ghana,6.1132437,-0.412014,
Koforidua-Asokore,Eastern Region,Ghana,6.1123314,-0.282012,
Koforidua-Effiduase,Eastern Region,Ghana,6.1096027,-0.2735823,
Kpong,Eastern Region,Ghana,6.158966,-0.0497389,
Krobo Odumase,Eastern Region,Ghana,5.9596067,-0.0295255,
Kukurantumi,Eastern Region,Ghana,7.2819356,-0.5801185,
Kwabeng,Eastern Region,Ghana,6.3134302,-0.5993447,
Kwabeng,Eastern Region,Ghana,6.3134302,-0.5993447,
Kwaebibirem,Eastern Region,Ghana,6.1957916,-0.9702433,
Kwahu Afram Plains North,Eastern Region,Ghana,6.1976694,-1.9516641,
Kwahu Afram Plains South,Eastern Region,Ghana,6.2007781,-1.9517146,
Kwahu Asafo,Eastern Region,Ghana,6.5000211,-0.5087548,
Kwahu East,Eastern Region,Ghana,6.6032428,-0.9291274,
Kwahu South,Eastern Region,Ghana,6.631392,-0.9291274,
Larteh Akuapem,Eastern Region,Ghana,5.9339784,-0.0910599,
Lower Manya Krobo,Eastern Region,Ghana,6.1168768,-0.3408909,
Manhyia,Eastern Region,Ghana,6.7051106,-1.6182089,
Manya Krobo,Eastern Region,Ghana,6.3297929,                ,-0.4141049,
Mpraeso,Eastern Region,Ghana,6.6049497,-0.7159889,
New Abirem,Eastern Region,Ghana,6.3387151,-1.0142615,
New-Juaben,Eastern Region,Ghana,6.1255231,-0.3853834,
Nkawkaw,Eastern Region,Ghana,6.5506987,-0.7895996,
Nkwatia Kwahu,Eastern Region,Ghana,6.6325944,-0.755482,
Nsawam,Eastern Region,Ghana,5.8181989,-0.3830419,
Nuaso,Eastern Region,Ghana,6.1510164,-0.025557,
Obo Kwahu,Eastern Region,Ghana,6.6077206,-0.782776,
Oboo,Eastern Region,Ghana,6.6077206,-0.782776,
Odumase Krobo,Eastern Region,Ghana,5.9596067,-0.0295255,
Ofoase,Eastern Region,Ghana,6.1654942,-1.14923,
Old Tafo,Eastern Region,Ghana,6.232936,-0.4023314,
Oseim,Eastern Region,Ghana,6.258052,-0.4390885,
Osino,Eastern Region,Ghana,6.3467555,-0.49589,
Otumi,Eastern Region,Ghana,6.2213083,-0.9210397,
Pakro,Eastern Region,Ghana,5.9048995,-0.3267979,
Pepease,Eastern Region,Ghana,6.6930163,-0.746255,
Pokrom,Eastern Region,Ghana,5.8284149,-0.2310133,
Senchi,Eastern Region,Ghana,6.1983541,-0.0587132,
Somanya,Eastern Region,Ghana,6.0978194,-0.0338819,
Suhum,Eastern Region,Ghana,6.0359619,-0.4716827,
Tease,Eastern Region,Ghana,6.3501724,-0.6640436,
Yilo Krobo,Eastern Region,Ghana,6.1168768,-0.3408909,
,,,,,,
,,,,,,
,,,,,,
Name,What,Region,Country,Lat,Long,
Adayiri,Northern,Ghana,9.73,-1.25,
Addah,Northern,Ghana,9.74,-0.94,
Adibo,Northern,Ghana,9.3001761,-0.0147629,
Afa usif yeri,Northern,Ghana,10.44,-0.88,
Balliga,Northern,Ghana,10.03,-0.38,
Bamboi,Northern,Ghana,8.1613658,-2.0498946,
Basampa,Northern,Ghana,9.75,-1.38,
Bende,Northern,Ghana,10.56,-0.02,
Bilige,Northern,Ghana,9.67,-1.6,
Bimbilla,Northern,Ghana,8.8577639,-0.040469,
Bimsi,Northern,Ghana,10.4,-0.79,
Binde,Northern,Ghana,10.56,-0.02,
Bole,Northern,Ghana,9.0299664,-2.506943,
Bongo,Northern,Ghana,10.34,-0.27,
Buipe,Northern,Ghana,8.7895524,-1.4765454,
Bungweli,Northern,Ghana,9.7,-1.87,
Bunkpurugu,Northern,Ghana,10.52,0.1,
Chereponi,Northern,Ghana,10.14,0.29,
Chiakasi,Northern,Ghana,10.02,0.31,
Chopowa,Northern,Ghana,9.71,0.32,
Daboya,Northern,Ghana,9.53,-1.38,
Damongo,Northern,Ghana,9.0890442,-1.8413689,
Diari,Northern,Ghana,9.87,-0.87,
Djereponi,Northern,Ghana,10.14,0.29,
Duu,Northern,Ghana,10.5,-0.99,
Gaa,Northern,Ghana,9.81,-0.45,
Gambaga,Northern,Ghana,10.53,-0.44,
Gambaga Witch camp,Northern,Ghana,10.5309142,-0.44662,
Gariwe,Northern,Ghana,9.62,-0.43,
Gbalga,Northern,Ghana,10.03,-0.38,
Gbangdaa,Northern,Ghana,10.34,-0.27,
Gbankurugu,Northern,Ghana,10.52,0.1,
Gbasinkpa,Northern,Ghana,9.75,-1.38,
Gbemsi,Northern,Ghana,10.4,-0.79,
Gbongo,Northern,Ghana,10.34,-0.27,
Giadema,Northern,Ghana,10.34,-1.16,
Gumani,Northern,Ghana,9.436097,-0.8397698,
Gushegu,Northern,Ghana,9.92,-0.22,
Gushei,Northern,Ghana,9.81,-0.86,
Gushiego,Northern,Ghana,9.92,-0.22,
Isiasi,Northern,Ghana,10.28,-1.44,
Jadma,Northern,Ghana,10.34,-1.16,
Janga,Northern,Ghana,10.03,-0.98,
Jawani,Northern,Ghana,10.38,-0.37,
Jereponi,Northern,Ghana,10.14,0.29,
Jinfronu,Northern,Ghana,9.54,-1.6,
Jogu,Northern,Ghana,10.3,0.35,
Kago,Northern,Ghana,10.48,0.11,
Kambali,Northern,Ghana,5.0585267,-4.3231471,
Kambonaba,Northern,Ghana,10.41,-0.56,
Karaga,Northern,Ghana,9.92,-0.43,
Karamenga,Northern,Ghana,10.56,-0.83,
Kawkuwbila,Northern,Ghana,10.12,-0.81,
Kbolebi,Northern,Ghana,9.52,-2,
Kengua,Northern,Ghana,9.59,0.36,
Kombenaba,Northern,Ghana,10.41,-0.56,
Konkori,Northern,Ghana,9.63,-1.79,
Koudani,Northern,Ghana,10.2,0.34,
Kpabia,Northern,Ghana,9.2515549,-0.2392238,
Kpandae,Northern,Ghana,8.4693371,-0.0195695,
Kpata,Northern,Ghana,10.34,0.19,
Kpatinga,Northern,Ghana,9.77,-0.27,
Kubori,Northern,Ghana,10.14,-1.29,
Kudani,Northern,Ghana,10.2,0.34,
Kugnani,Northern,Ghana,9.59,0.36,
Kuinkwa,Northern,Ghana,10.41,-1.13,
Kukobila,Northern,Ghana,10.12,-0.81,
Kukwa,Northern,Ghana,10.41,-1.13,
Kumbungu,Northern,Ghana,9.56,-0.95,
Kunchalun,Northern,Ghana,10.15,-1.15,
Langwisa,Northern,Ghana,10.41,-0.56,
Larabanga,Northern,Ghana,9.2159082,-1.8628264,
Lare,Northern,Ghana,10.48,0.11,
Luari,Northern,Ghana,10.28,-0.83,
Lumbungu,Northern,Ghana,9.65,-1.21,
Lungbungu,Northern,Ghana,9.65,-1.21,
Maibindiga,Northern,Ghana,10.41,-0.56,
Mbolebi,Northern,Ghana,9.52,-2,
Mishio,Northern,Ghana,10.28,-1,
Mushio,Northern,Ghana,10.28,-1,
Nabari,Northern,Ghana,10.44,-0.88,
Nabuggo,Northern,Ghana,9.74,-0.82,
Nagbog,Northern,Ghana,10.47,-0.35,
Nakpanduri,Northern,Ghana,10.63,-0.18,
Nakundugu,Northern,Ghana,10.11,-0.27,
Nalerigu,Northern,Ghana,10.5216943,-0.3848221,
Nambiri,Northern,Ghana,9.89,0.32,
Nangruma,Northern,Ghana,10.38,-1.48,
Nanguri,Northern,Ghana,10.24,-1.57,
Nasia,Northern,Ghana,10.16,-0.8,
Natago,Northern,Ghana,9.83,0.15,
Nawiago,Northern,Ghana,9.87,-0.27,
Nyankpala,Northern,Ghana,9.399039,-0.998498,
Old Zagbeli,Northern,Ghana,9.95,0.16,
Ouapouli,Northern,Ghana,9.74,0.1,
Patenga,Northern,Ghana,9.77,-0.27,
Peo,Northern,Ghana,9.78,0.32,
Pigu,Northern,Ghana,9.98,-0.82,
Pion,Northern,Ghana,9.64,-0.07,
Piong,Northern,Ghana,9.64,-0.07,
Pisigu,Northern,Ghana,9.96,-0.64,
Pisoggo,Northern,Ghana,9.96,-0.64,
Pisogo,Northern,Ghana,9.96,-0.64,
Pong-Tamale,Northern,Ghana,9.69,-0.83,
Potele,Northern,Ghana,9.97,-0.03,
Pulo,Northern,Ghana,9.98,-0.21,
Pung Tamale,Northern,Ghana,9.69,-0.83,
Saboba,Northern,Ghana,9.9220102,-0.3696488,
Sakpe,Northern,Ghana,9.58,-0.27,
Sakpiegu,Northern,Ghana,9.55,-0.03,
Sala,Northern,Ghana,9.73,-1.68,
Salaga,Northern,Ghana,8.5515062,-0.5274296,
Samayili,Northern,Ghana,10.11,-0.27,
Sameni,Northern,Ghana,10.47,-0.62,
Samoayile,Northern,Ghana,10.11,-0.27,
Sang,Northern,Ghana,9.4169081,-0.2853871,
Santa,Northern,Ghana,5.6236423,-0.2719363,
Savelugu,Northern,Ghana,9.62,-0.83,
Sawla,Northern,Ghana,9.2729324,-2.4240304,
Segbeli,Northern,Ghana,9.95,0.16,
Sekpiegu,Northern,Ghana,9.55,-0.03,
Sekwi,Northern,Ghana,9.58,-0.27,
Sheini,Northern,Ghana,9.160707,-0.4798794,
Simoli,Northern,Ghana,10,-0.52,
Singa,Northern,Ghana,9.73,-1.06,
Somayili,Northern,Ghana,10.11,-0.27,
Soo,Northern,Ghana,10.03,-0.98,
Soo,Northern,Ghana,10.26,-1.09,
Tachegu,Northern,Ghana,10.08,0.3,
Tamale,Northern,Ghana,9.4,-0.84,
Tampiong,Northern,Ghana,9.58,-0.68,
Tampulima Yabum,Northern,Ghana,10.01,-1.32,
Tanpola funk,Northern,Ghana,10.5,-0.99,
Tantali,Northern,Ghana,10.2,-1.54,
Tatale,Northern,Ghana,9.3530768,-0.4877106,
Tatiegu,Northern,Ghana,10.08,0.3,
Tion,Northern,Ghana,9.64,-0.07,
Tjēgassu,Northern,Ghana,10.02,0.31,
Tolon,Northern,Ghana,9.4306487,-1.0700649,
Tschopowa,Northern,Ghana,9.71,0.32,
Tudjoe,Northern,Ghana,9.52,-0.53,
Tuúwū,Northern,Ghana,9.75,-0.11,
Walewale,Northern,Ghana,10.35,-0.8,
Wapuli,Northern,Ghana,9.74,0.1,
Wenchiki,Northern,Ghana,10.27,0.21,
Wulensi,Northern,Ghana,8.6534718,-0.0069095,
Wulugu,Northern,Ghana,10.47,-0.79,
Yabum,Northern,Ghana,10.01,-1.32,
Yagaba,Northern,Ghana,10.24,-1.28,
Yapei,Northern,Ghana,9.1617894,-1.1722279,
Yendi,Northern,Ghana,9.4395782,-0.0257064,
Yikpabango,Northern,Ghana,10.24,-1.57,
Yogu,Northern,Ghana,10.3,0.35,
Yunyuo,Northern,Ghana,10.49,-0.01,
Zabzugu,Northern,Ghana,9.2943631,-0.3574418,
Zagbeli,Northern,Ghana,9.95,0.16,
Ziong,Northern,Ghana,9.52,-0.74,
,,,,,,
,,,,,,
Name,What,Region,Country,Lat,Long,
Abliri,Upper East,Ghana,10.73,-1.28,
Alagiligobisi,Upper East,Ghana,10.91,-0.81,
Bawku,Upper East,Ghana,11.0589775,-0.2577123,
Bawku,Upper East,Ghana,11.06,-0.24,
Binaba,Upper East,Ghana,10.8029245,-0.4788479,
Binaba,Upper East,Ghana,10.76,-0.48,
Binduri,Upper East,Ghana,10.97,-0.31,
Binsuri,Upper East,Ghana,10.97,-0.31,
Biungu,Upper East,Ghana,10.62,-0.66,
Bolagatanga,Upper East,Ghana,10.79,-0.85,
Bongo,Upper East,Ghana,10.91,-0.81,
Bugri,Upper East,Ghana,10.98,-0.13,
Búgur,Upper East,Ghana,10.98,-0.13,
Buguri,Upper East,Ghana,10.98,-0.13,
Builsa,Upper East,Ghana,10.5737211,-1.5999368,
Chuchiliga,Upper East,Ghana,10.82,-1.18,
Dagbanga,Upper East,Ghana,10.76,-0.48,
Danfoana,Upper East,Ghana,10.71,-0.22,
Danfonga,Upper East,Ghana,10.71,-0.22,
Danvonga,Upper East,Ghana,10.71,-0.22,
Danvorga,Upper East,Ghana,10.71,-0.22,
Datoko,Upper East,Ghana,10.71,-0.65,
Datuku,Upper East,Ghana,10.71,-0.65,
Donfonga,Upper East,Ghana,10.71,-0.22,
Doninga,Upper East,Ghana,10.62,-1.42,
Doninga-Dorinsa,Upper East,Ghana,10.62,-1.42,
Feo Nabisi,Upper East,Ghana,10.99,-0.8,
Fiagu,Upper East,Ghana,10.99,-0.8,
Fiogu,Upper East,Ghana,10.99,-0.8,
Garu,Upper East,Ghana,10.85,-0.18,
Garu,Upper East,Ghana,10.8583811,-0.1863637,
Gumbo,Upper East,Ghana,11.12,-0.28,
Kadem,Upper East,Ghana,10.59,-1.23,
Kadema,Upper East,Ghana,10.59,-1.23,
Kadema Banyangsa,Upper East,Ghana,10.59,-1.23,
Kadema Central,Upper East,Ghana,10.59,-1.23,
Kaiyoro,Upper East,Ghana,10.96,-1.34,
Kamsori,Upper East,Ghana,11.05,-0.07,
Kanjaga,Upper East,Ghana,10.51,-1.37,
Kantisabilisi,Upper East,Ghana,10.79,-0.8,
Katiu,Upper East,Ghana,10.85,-1.34,
Kayoro,Upper East,Ghana,10.96,-1.34,
Kayoro Achasongo,Upper East,Ghana,10.96,-1.34,
Ketiu,Upper East,Ghana,10.85,-1.34,
Ketiu Asabia,Upper East,Ghana,10.85,-1.34,
Kologo,Upper East,Ghana,10.73,-1.07,
Kologu,Upper East,Ghana,10.61,-0.86,
Kologu Nayiri,Upper East,Ghana,10.73,-1.07,
Kongo,Upper East,Ghana,10.8384585,-0.7212997,
Kpikpira Natinga,Upper East,Ghana,10.82,-0.08,
Kugri,Upper East,Ghana,10.78,-0.29,
Kuguri,Upper East,Ghana,10.78,-0.29,
Mogonori,Upper East,Ghana,11.12,-0.28,
Na,Upper East,Ghana,10.92,-1.14,
Nabio,Upper East,Ghana,10.92,-1.14,
Naga,Upper East,Ghana,10.6,-1.02,
Nakong,Upper East,Ghana,10.81,-1.43,
Namango Abiribisi,Upper East,Ghana,10.98,-0.85,
Namogo,Upper East,Ghana,10.98,-0.85,
Namoo,Upper East,Ghana,10.98,-0.85,
Namorgo,Upper East,Ghana,10.98,-0.85,
Nangauri,Upper East,Ghana,10.86,-0.67,
Nangodi,Upper East,Ghana,10.86,-0.67,
Nangodi Kalini,Upper East,Ghana,10.86,-0.67,
Natinga,Upper East,Ghana,10.82,-0.08,
Navrongo,Upper East,Ghana,10.9,-1.09,
Paga,Upper East,Ghana,10.9971143,-1.1304548,
Paga,Upper East,Ghana,10.97,-1.11,
Paga Kakungu,Upper East,Ghana,10.97,-1.11,
Paga Na,Upper East,Ghana,10.92,-1.14,
Palagu,Upper East,Ghana,10.61,-0.86,
Paragu,Upper East,Ghana,10.61,-0.86,
Pekpira,Upper East,Ghana,10.82,-0.08,
Poga,Upper East,Ghana,10.97,-1.11,
Pusiga,Upper East,Ghana,11.08,-0.13,
Pussiga,Upper East,Ghana,11.08,-0.13,
Pwalagu,Upper East,Ghana,10.61,-0.86,
Pwalugu,Upper East,Ghana,10.61,-0.86,
Sabzundi,Upper East,Ghana,10.99,-0.06,
Sambrungo,Upper East,Ghana,10.83,-0.91,
Sambruno,Upper East,Ghana,10.83,-0.91,
Sandema,Upper East,Ghana,10.73,-1.28,
Sandema Abiliyeri,Upper East,Ghana,10.73,-1.28,
Sapelliga,Upper East,Ghana,11.09,-0.4,
Sebone,Upper East,Ghana,11.09,-0.4,
Shega,Upper East,Ghana,10.73,-0.73,
Shia,Upper East,Ghana,10.73,-0.73,
Shiega,Upper East,Ghana,10.73,-0.73,
Sia,Upper East,Ghana,10.73,-0.73,
Sinebaga,Upper East,Ghana,10.69,-0.3,
Sinibaga,Upper East,Ghana,10.69,-0.3,
Siniebaga,Upper East,Ghana,10.69,-0.3,
Sinnibaga,Upper East,Ghana,10.69,-0.3,
Sirigu,Upper East,Ghana,10.9501767,-0.94329,
Sumbrungo Azorebisi,Upper East,Ghana,10.83,-0.91,
Telania,Upper East,Ghana,10.8333538,-1.0754218,
Tempane,Upper East,Ghana,10.7941414,-0.3493925,
Tong,Upper East,Ghana,10.71,-0.8,
Tonga,Upper East,Ghana,10.71,-0.8,
Tongo,Upper East,Ghana,10.71,-0.8,
Tongo,Upper East,Ghana,10.7063631,-0.8205416,
Uwasi,Upper East,Ghana,10.48,-1.23,
Uwasi Central,Upper East,Ghana,10.48,-1.23,
Uwasi Kazengsa,Upper East,Ghana,10.48,-1.23,
Wangodi,Upper East,Ghana,10.86,-0.67,
Warikambo,Upper East,Ghana,10.78,-0.14,
Warinyaga,Upper East,Ghana,10.89,-0.07,
Warinyanga,Upper East,Ghana,10.89,-0.07,
Wiaga,Upper East,Ghana,10.6556839,-1.2703371,
Wiasi,Upper East,Ghana,10.36,-1.33,
Wiasi Atong Yeri,Upper East,Ghana,10.36,-1.33,
Wiasi Central,Upper East,Ghana,10.36,-1.33,
Winkogo,Upper East,Ghana,10.72,-0.86,
Winkogo Akungobisi,Upper East,Ghana,10.72,-0.86,
Woricambo,Upper East,Ghana,10.78,-0.14,
Woricombo,Upper East,Ghana,10.78,-0.14,
Wunkwaw,Upper East,Ghana,10.72,-0.86,
Wunkwawgu,Upper East,Ghana,10.72,-0.86,
Wurinyanga,Upper East,Ghana,10.89,-0.07,
Wuriyanga,Upper East,Ghana,10.89,-0.07,
Zabzundi,Upper East,Ghana,10.99,-0.06,
Zariboko,Upper East,Ghana,10.76,-0.13,
Zebilla,Upper East,Ghana,10.94,-0.48,
Zong Natinga,Upper East,Ghana,11.05,-0.07,
Zongoin,Upper East,Ghana,10.67,-0.41,
Zorebisi,Upper East,Ghana,10.83,-0.91,
Zuarungu,Upper East,Ghana,10.79,-0.8,
Zungori,Upper East,Ghana,10.67,-0.41,
,,,,,,
,,,,,,
Name,What,Region,Country,Lat,Long,
Bantala,Upper West,Ghana,9.83,-1.73,
Basisan,Upper West,Ghana,10.8,-1.56,
Bielepong,Upper West,Ghana,9.97,-1.72,
Boubeli,Upper West,Ghana,10.58,-1.97,
Charia,Upper West,Ghana,10.1079305,-2.5823574,
Charia,Upper West,Ghana,10.1079305,-2.5823574,
Du,Upper West,Ghana,10.3,-1.82,
Dusie,Upper West,Ghana,9.83,-1.99,
Eremon,Upper West,Ghana,10.6510297,-2.7902865,
Funsi,Upper West,Ghana,10.3,-1.97,
Gbantala,Upper West,Ghana,9.83,-1.73,
Gwollu,Upper West,Ghana,10.9788607,-2.2223988,
Gwosi,Upper West,Ghana,10.48,-1.65,
Hamile,Upper West,Ghana,10.9962883,-2.7580614,
Jirapa,Upper West,Ghana,10.5229178,-2.7191593,
Jumo,Upper West,Ghana,10.22,-1.91,
Kaleo,Upper West,Ghana,10.1741148,-2.5543934,
Katua,Upper West,Ghana,9.98,-1.93,
Kulun,Upper West,Ghana,10.09,-1.88,
Lambussie,Upper West,Ghana,10.8472468,-2.7145672,
Lawra,Upper West,Ghana,10.6444114,-2.9015067,
Nabulo,Upper West,Ghana,10.48,-1.79,
Nadowli,Upper West,Ghana,10.3681978,-2.6839258,
Nandom,Upper West,Ghana,10.8532949,-2.7708507,
Nebiewale,Upper West,Ghana,10.6,-1.63,
Pina,Upper West,Ghana,10.89,-1.75,
Pudo,Upper West,Ghana,10.9333537,-1.5587548,
Pudon,Upper West,Ghana,10.94,-1.52,
Sabuli,Upper West,Ghana,10.5676618,-2.5265981,
Santijan,Upper West,Ghana,10.54,-1.53,
Sombisi,Upper West,Ghana,10.13,-1.72,
Tumu,Upper West,Ghana,10.88,-1.98,
Tumu,Upper West,Ghana,10.5676618,-2.5265981,
Vembeli,Upper West,Ghana,10.58,-1.97,
Wa,Upper West,Ghana,10.06,-2.5,
Wallembelle,Upper West,Ghana,10.51,-1.96,
Wechiau,Upper West,Ghana,9.8260358,-2.6891888,
Wuru,Upper West,Ghana,10.99,-1.57,
Yala,Upper West,Ghana,10.13,-1.84,
Zambo,Upper West,Ghana,10.664045,-2.8275204,
Ва,Upper West,Ghana,10.06,-2.5,
,,,,,,
,,,,,,
Name,What,Region,Country,Lat,Long,
Aboaso,Ashanti,Ghana,6.8076157,-1.5454459,
Abofour,Ashanti,Ghana,7.1335336,-1.7420626,
Abrepo,Ashanti,Ghana,6.7559335,-1.6821083,
Abuakwa Ashanti,Ashanti,Ghana,6.29952,-1.8397577,
Adanwomase,Ashanti,Ghana,6.8138467,-1.4835473,
Aduman,Ashanti,Ghana,6.8166881,-1.6254218,
Afrancho,Ashanti,Ghana,6.7789332,-1.6464916,
Agogo,Ashanti,Ghana,6.799647,-1.0935689,
Agona,Ashanti,Ghana,6.9346274,-1.4994193,
Agroyesum,Ashanti,Ghana,6.4129974,-1.8837565,
Ahwiaa,Ashanti,Ghana,6.90014,-1.6732694,
Ahwiren,Ashanti,Ghana,5.7366953,-0.14883,
Akrofonso,Ashanti,Ghana,6.7391578,-2.458572,,
Akrofuom,Ashanti,Ghana,6.119134,-1.6768315,
Akrokerri,Ashanti,Ghana,6.2937785,-1.6334009,
Akumadan,Ashanti,Ghana,7.3997061,-1.9709303,
Amakoma,Ashanti,Ghana,6.6793022,-1.6100658,
Ankasi,Ashanti,Ghana,6.3897191,-1.5566948,
Antoa,Ashanti,Ghana,6.7728488,-1.5005181,
Anwia-Nkwanta,Ashanti,Ghana,6.6886551,-1.6259878,
Asafo Kumasi,Ashanti,Ghana,6.6886551,-1.6259878,
Asaman,Ashanti,Ghana,5.5806741,-0.2598337,
Asamang,Ashanti,Ghana,5.9047797,-1.5112366,
Asankare,Ashanti,Ghana,6.6042569,-1.0492802,
Asiwa,Ashanti,Ghana,6.4280657,-1.33677,
Asokore,Ashanti,Ghana,6.7178275,-1.5730084,
Asokore Mampong,Ashanti,Ghana,6.7178275,-1.5730084,
Atimatim,Ashanti,Ghana,5.8697201,-0.5796977,
Barekese,Ashanti,Ghana,6.8528452,-1.7489727,
Bekwai,Ashanti,Ghana,6.4537375,-1.5890479,
Beposo,Ashanti,Ghana,6.4552728,-1.316911,
Bobiri,Ashanti,Ghana,6.6882773,-1.3653822,
Bodwesango,Ashanti,Ghana,6.2849566,-1.4210303,
Bompata,Ashanti,Ghana,6.6255404,-1.0619372,
Bonwire,Ashanti,Ghana,6.1997383,-1.3908838,
Bremang,Ashanti,Ghana,5.8998124,-1.4284981,
Bunso,Ashanti,Ghana,6.2898633,-0.4733281,
Buoho,Ashanti,Ghana,6.7852201,-1.6652363,
Dadease,Ashanti,Ghana,6.8820999,-1.3697864,
Datano,Ashanti,Ghana,6.2633955,-2.4924374,
Dominase,Ashanti,Ghana,5.3438328,-1.09447,
Dompoase,Ashanti,Ghana,6.3106179,-1.5423229,
Effiduase,Ashanti,Ghana,6.3857661,-1.408181,
Ejisu,Ashanti,Ghana,6.7165404,-1.5320567,
Ejura,Ashanti,Ghana,7.3825764,-1.3682055,
Esase Bontefufuo,Ashanti,Ghana,6.5600393,-1.8924066,
Fawoade,Ashanti,Ghana,6.7533962,-1.5943253,
Jachie-Pramso,Ashanti,Ghana,6.563333,-1.5185233,
Jacobu,Ashanti,Ghana,6.3465742,-1.6764451,
Jamasi,Ashanti,Ghana,6.9742026,-1.4836693,
Juaben,Ashanti,Ghana,6.7892784,-1.4739299,
Juaso,Ashanti,Ghana,6.58698,-1.1406471,
Kasei,Ashanti,Ghana,7.4829354,-1.2823725,
Kodie,Ashanti,Ghana,6.8001158,-1.6555883,
Kokofu,Ashanti,Ghana,6.5037826,-1.535511,
Konongo,Ashanti,Ghana,6.6276907,-1.2457689,
Kortwia-Abodom,Ashanti,Ghana,6.453231,-1.5860364,
Kumasi,Ashanti,Ghana,6.6904067,-1.7561949,
Kumawu,Ashanti,Ghana,6.9092364,-1.2841559,
Kuntanase,Ashanti,Ghana,6.5315555,-1.49354,
Kwadaso,Ashanti,Ghana,6.6927179,-1.6610385,
Maabang,Ashanti,Ghana,6.9957566,-2.2271348,
Mampong,Ashanti,Ghana,7.1478287,-1.5578259,
Mamponteng,Ashanti,Ghana,6.7833541,-1.5754218,
Mankranso,Ashanti,Ghana,6.8179429,-1.8716377,
Manso Adubia,Ashanti,Ghana,6.401744,-1.9390266,
Manso Atwere,Ashanti,Ghana,6.4571236,-1.8723009,
Manso Nkwanta,Ashanti,Ghana,6.4712806,-1.893956,
Mpasatia,Ashanti,Ghana,6.6620711,-1.8505096,
New Edubiase,Ashanti,Ghana,6.0432454,-1.3933048,
Nkawie,Ashanti,Ghana,6.6642306,-1.825704,
Nsuta,Ashanti,Ghana,7.0156057,-1.3885689,
Nsuta-Beposo,Ashanti,Ghana,6.9920828,-1.3726017,
Ntonso,Ashanti,Ghana,6.8296887,-1.5273142,
Nyinahin,Ashanti,Ghana,6.5988108,-2.1267987,
Odumasi,Ashanti,Ghana,6.7069538,-1.6307295,
Odumasi Krobo,Ashanti,Ghana,6.1448209,-0.0068666,
Oduom,Ashanti,Ghana,6.6973623,-1.544273,
Offinso,Ashanti,Ghana,7.2109153,-2.1949155,
Ofoase-Kokoben,Ashanti,Ghana,6.4789605,-1.6492797,
Onwe,Ashanti,Ghana,6.6823179,-1.4604522,
Oyoko,Ashanti,Ghana,6.5525739,-1.5757167,
Pankrono,Ashanti,Ghana,6.7527373,-1.6080811,
Sakora Wonoo,Ashanti,Ghana,6.7953819,-1.5060402,
Sekyedumase,Ashanti,Ghana,7.4167894,-1.7444759,
Sewua,Ashanti,Ghana,6.6441742,-1.5742683,
Suame Magazine,Ashanti,Ghana,6.7239165,-1.664858,
Tafo,Ashanti,Ghana,6.7353469,-1.6384013,
Tano Dumasi,Ashanti,Ghana,6.9346274,-1.4994193,
Tanoso,Ashanti,Ghana,5.8781407,-3.2002503,
Tepa,Ashanti,Ghana,7.0077894,-2.1855928,
Toase,Ashanti,Ghana,6.6636483,-1.8186665,
Tontokrom,Ashanti,Ghana,6.2485864,-2.0011859,
Trabuom,Ashanti,Ghana,6.6109095,-1.765353,
Wiamoase,Ashanti,Ghana,7.0533001,-1.5288592,
